pages	sha256	filename
33	7eb0361f0a44060866ef8978b0a770c606242e05d3c5c01a3108e569a7d4f3e3	 四川麻将教程（2）——系统分析篇 - 知乎.pdf
17	1d91fc5cee610f43e2290ab345772fb1232b5e98d43003de1b1fa37f6c5197be	四川麻将教程（10）——一些经典牌局举例（含大量经典的算牌技巧） - 知乎.pdf
8	26ff9ec5ef01f7a853ece6637d83762a63b4771e9c151631283e7c3ce1dffa33	四川麻将教程（11）——怎样提高自己的水平 - 知乎.pdf
4	f926a80888ceb742e8623abb22e56a31c03971302225575d62d1caf16eb7b16b	四川麻将教程（12）——怎样让自己的牌变大（含特殊策略） - 知乎.pdf
7	b48f7b21d1b3ebb5b123971dd2f630b637f3c835cff57ef7a7a468d8201b489e	四川麻将教程（13）——点炮不走_故意点炮等的博弈策略（含麻将概率的数学原理） - 知乎.pdf
5	815f1ed69fc6ca83a4375f62b937c06a53ab8c58a99d3b38a3d30d3fbbf8c736	四川麻将教程（14）——抉择时刻的原理（含麻将预期的数学原理） - 知乎.pdf
19	3bd39c008853d16909260126aa10c14b8ea8ff3dc058489863ff7071132f681a	四川麻将教程（1）——常识篇 - 知乎.pdf
6	1df1798c714221d2d0e9f225f5b69230e814aa3eddc8e4c3fa17458f9a8e5171	四川麻将教程（3）——心态、方法论和技术提升 - 知乎.pdf
10	8e4e3e6723300153d63e0d7e9ede0fe57a6f421228ca22bda2b307d6ffc3faae	四川麻将教程（4）——学习路线 - 知乎.pdf
4	25cc316d466660556eb606595d37246b1634cd5211bcfeda175a23bce7bf13a9	四川麻将教程（5）——怎么下叫 - 知乎.pdf
13	95a3b678929299e39dec6d949b6645ff9eb736e5674926eac2e143537902a455	四川麻将教程（6）——怎么通过数学概率算怎么听牌 - 知乎.pdf
2	81ced6efe27486f4ad25d8934e56e520be43f82415e4269d9d29e1cb37a673ee	四川麻将教程（7）——怎么通过排列组合算别人的手牌可能 - 知乎.pdf
13	918ba03ad9a73fb0286b4d8cefa2202bc7782c81b1ace5fbf6f75efe8fa363aa	四川麻将教程（8）——补充一些重要的技巧 - 知乎.pdf
13	a5ffa10b9baf3c6944055a93083498789857697265f1c9bf3976b4bb8b9bd2c7	四川麻将教程（9）——一些经典牌型（含少量经典的算牌技巧） - 知乎.pdf
18	80bad90349fc48bd904037348b428f18b0a4b10f1ffc1b6eb7088b405d19b17b	如何提高四川麻将水平？ - 知乎.pdf
19	28dee782545a73c276b8aa76a4054f6a9c186c3df18e35d581f32595442c8eca	麻将清一色听牌怎么看听口 - 知乎.pdf
